$,$,$
LOSERPOOL,6415,15
LOSERPOOL,6482,43
LOSERPOOL,7337,1
LOSERPOOL,5695,1
LOSERPOOL,6989,5
LOSERPOOL,7212,3
LOSERPOOL,5022,11
LOSERPOOL,7255,3
LOSERPOOL,6495,2
LOSERPOOL,7580,2
LOSERPOOL,5757,1
LOSERPOOL,4856,14
LOSERPOOL,2423,77
LOSERPOOL,2606,19
LOSERPOOL,7472,10
LOSERPOOL,1850,8
LOSERPOOL,7618,3
LOSERPOOL,795,4
LOSERPOOL,5507,3
LOSERPOOL,5436,43
LOSERPOOL,7023,52
LOSERPOOL,7623,2
LOSERPOOL,5637,95
LOSERPOOL,6967,58
LOSERPOOL,6164,4
$,$,$
Nu Kebbab der Met,133,11
Nu Kebbab der Met,6248,6
Nu Kebbab der Met,7332,14
Nu Kebbab der Met,4705,10
Nu Kebbab der Met,2296,22
Nu Kebbab der Met,4317,7
Nu Kebbab der Met,5982,7
Nu Kebbab der Met,6496,3
Nu Kebbab der Met,6664,2
Nu Kebbab der Met,7599,7
Nu Kebbab der Met,5739,3
Nu Kebbab der Met,6274,26
Nu Kebbab der Met,2167,62
Nu Kebbab der Met,6190,6
Nu Kebbab der Met,1933,22
Nu Kebbab der Met,4287,6
Nu Kebbab der Met,6666,8
Nu Kebbab der Met,5791,3
Nu Kebbab der Met,6917,1
Nu Kebbab der Met,2764,212
Nu Kebbab der Met,4923,21
Nu Kebbab der Met,6519,1
Nu Kebbab der Met,6229,16
Nu Kebbab der Met,7252,12
Nu Kebbab der Met,7161,5
$,$,$
VAR-tificiale,5116,40
VAR-tificiale,2814,23
VAR-tificiale,1926,1
VAR-tificiale,5750,5
VAR-tificiale,5862,3
VAR-tificiale,6320,2
VAR-tificiale,6042,5
VAR-tificiale,4734,6
VAR-tificiale,5555,4
VAR-tificiale,5273,1
VAR-tificiale,7467,1
VAR-tificiale,632,50
VAR-tificiale,2848,39
VAR-tificiale,184,31
VAR-tificiale,5844,9
VAR-tificiale,6549,4
VAR-tificiale,7129,6
VAR-tificiale,6294,3
VAR-tificiale,5858,1
VAR-tificiale,6397,169
VAR-tificiale,2061,43
VAR-tificiale,7484,22
VAR-tificiale,4463,27
VAR-tificiale,7342,1
VAR-tificiale,7602,1
$,$,$
Nu kebbab,6966,46
Nu kebbab,6344,6
Nu kebbab,2809,1
Nu kebbab,4807,7
Nu kebbab,6867,6
Nu kebbab,4137,2
Nu kebbab,6821,1
Nu kebbab,4210,2
Nu kebbab,6660,1
Nu kebbab,7414,2
Nu kebbab,7235,1
Nu kebbab,152,30
Nu kebbab,7078,64
Nu kebbab,2766,43
Nu kebbab,7436,33
Nu kebbab,7412,10
Nu kebbab,4465,5
Nu kebbab,2528,3
Nu kebbab,4870,1
Nu kebbab,309,124
Nu kebbab,531,66
Nu kebbab,6530,4
Nu kebbab,4359,29
Nu kebbab,7561,11
Nu kebbab,7647,1
$,$,$
Milfwall (Albe),4431,48
Milfwall (Albe),7626,1
Milfwall (Albe),4,1
Milfwall (Albe),2788,17
Milfwall (Albe),5877,12
Milfwall (Albe),4409,8
Milfwall (Albe),7294,2
Milfwall (Albe),5520,2
Milfwall (Albe),7564,2
Milfwall (Albe),7268,1
Milfwall (Albe),6485,1
Milfwall (Albe),6875,104
Milfwall (Albe),5792,22
Milfwall (Albe),7314,18
Milfwall (Albe),2077,4
Milfwall (Albe),6827,11
Milfwall (Albe),5946,1
Milfwall (Albe),6898,1
Milfwall (Albe),6833,1
Milfwall (Albe),5585,207
Milfwall (Albe),2832,6
Milfwall (Albe),5694,21
Milfwall (Albe),7162,1
Milfwall (Albe),6145,1
Milfwall (Albe),7001,1
$,$,$
PDOR SAINT-GERMAIN,2521,23
PDOR SAINT-GERMAIN,6403,1
PDOR SAINT-GERMAIN,4957,1
PDOR SAINT-GERMAIN,7563,5
PDOR SAINT-GERMAIN,254,44
PDOR SAINT-GERMAIN,7181,26
PDOR SAINT-GERMAIN,6046,1
PDOR SAINT-GERMAIN,7253,1
PDOR SAINT-GERMAIN,7410,1
PDOR SAINT-GERMAIN,4817,1
PDOR SAINT-GERMAIN,2640,1
PDOR SAINT-GERMAIN,7070,12
PDOR SAINT-GERMAIN,5559,51
PDOR SAINT-GERMAIN,7535,7
PDOR SAINT-GERMAIN,4973,30
PDOR SAINT-GERMAIN,5735,13
PDOR SAINT-GERMAIN,22,1
PDOR SAINT-GERMAIN,5504,1
PDOR SAINT-GERMAIN,7624,1
PDOR SAINT-GERMAIN,4871,205
PDOR SAINT-GERMAIN,4896,40
PDOR SAINT-GERMAIN,7374,16
PDOR SAINT-GERMAIN,6669,15
PDOR SAINT-GERMAIN,5882,1
PDOR SAINT-GERMAIN,7612,1
$,$,$
BORUSSIA LAB,4236,11
BORUSSIA LAB,6462,8
BORUSSIA LAB,6534,13
BORUSSIA LAB,7069,1
BORUSSIA LAB,2404,5
BORUSSIA LAB,7485,8
BORUSSIA LAB,4998,12
BORUSSIA LAB,5620,10
BORUSSIA LAB,5641,8
BORUSSIA LAB,6238,1
BORUSSIA LAB,6990,1
BORUSSIA LAB,6677,15
BORUSSIA LAB,5800,30
BORUSSIA LAB,5878,8
BORUSSIA LAB,5687,36
BORUSSIA LAB,6151,18
BORUSSIA LAB,4436,25
BORUSSIA LAB,7223,10
BORUSSIA LAB,5888,1
BORUSSIA LAB,6752,48
BORUSSIA LAB,7071,72
BORUSSIA LAB,2097,93
BORUSSIA LAB,2038,52
BORUSSIA LAB,7620,3
BORUSSIA LAB,7272,5
$,$,$
Ss.igari,4360,16
Ss.igari,2134,10
Ss.igari,6650,1
Ss.igari,4887,9
Ss.igari,2120,16
Ss.igari,5851,6
Ss.igari,4657,5
Ss.igari,4159,9
Ss.igari,4994,6
Ss.igari,7274,1
Ss.igari,554,5
Ss.igari,2517,40
Ss.igari,1870,24
Ss.igari,5823,17
Ss.igari,6618,23
Ss.igari,5172,18
Ss.igari,4364,8
Ss.igari,6218,2
Ss.igari,5036,1
Ss.igari,7017,111
Ss.igari,6675,30
Ss.igari,2137,118
Ss.igari,6831,16
Ss.igari,7120,3
Ss.igari,5029,2
$,$,$
BiG,5841,75
BiG,610,1
BiG,7048,1
BiG,6531,6
BiG,5514,6
BiG,4976,6
BiG,5675,4
BiG,6642,2
BiG,6986,1
BiG,4378,1
BiG,7526,1
BiG,7556,40
BiG,536,27
BiG,6372,60
BiG,4179,55
BiG,4911,2
BiG,6680,3
BiG,7619,1
BiG,6252,1
BiG,5734,79
BiG,6572,29
BiG,6904,31
BiG,6060,35
BiG,7600,21
BiG,7546,4
$,$,$
BAY ERMO NACO,4964,42
BAY ERMO NACO,7301,1
BAY ERMO NACO,4485,1
BAY ERMO NACO,6956,8
BAY ERMO NACO,7219,3
BAY ERMO NACO,1852,7
BAY ERMO NACO,5365,2
BAY ERMO NACO,5526,3
BAY ERMO NACO,4433,7
BAY ERMO NACO,7131,1
BAY ERMO NACO,5678,2
BAY ERMO NACO,6908,16
BAY ERMO NACO,7126,54
BAY ERMO NACO,6884,46
BAY ERMO NACO,7551,22
BAY ERMO NACO,6398,13
BAY ERMO NACO,5500,8
BAY ERMO NACO,7625,31
BAY ERMO NACO,2857,1
BAY ERMO NACO,5951,95
BAY ERMO NACO,6435,59
BAY ERMO NACO,7523,31
BAY ERMO NACO,7351,13
BAY ERMO NACO,7347,14
BAY ERMO NACO,6646,11
$,$,$
FC TANALIPERATUTTI,6662,9
FC TANALIPERATUTTI,572,38
FC TANALIPERATUTTI,2170,17
FC TANALIPERATUTTI,7573,6
FC TANALIPERATUTTI,6869,12
FC TANALIPERATUTTI,2816,8
FC TANALIPERATUTTI,7014,1
FC TANALIPERATUTTI,6727,15
FC TANALIPERATUTTI,6638,2
FC TANALIPERATUTTI,4664,1
FC TANALIPERATUTTI,5840,4
FC TANALIPERATUTTI,4777,46
FC TANALIPERATUTTI,6684,25
FC TANALIPERATUTTI,2194,80
FC TANALIPERATUTTI,779,13
FC TANALIPERATUTTI,5119,24
FC TANALIPERATUTTI,6844,51
FC TANALIPERATUTTI,5761,6
FC TANALIPERATUTTI,7311,11
FC TANALIPERATUTTI,608,2
FC TANALIPERATUTTI,4371,12
FC TANALIPERATUTTI,6434,30
FC TANALIPERATUTTI,5995,46
FC TANALIPERATUTTI,7554,22
FC TANALIPERATUTTI,7349,1
$,$,$
AS Draietta,4312,52
AS Draietta,2815,1
AS Draietta,6813,1
AS Draietta,6217,9
AS Draietta,5833,9
AS Draietta,5701,5
AS Draietta,2514,2
AS Draietta,7469,3
AS Draietta,5838,3
AS Draietta,7012,2
AS Draietta,4502,2
AS Draietta,2379,51
AS Draietta,5589,47
AS Draietta,6010,6
AS Draietta,530,5
AS Draietta,4892,23
AS Draietta,4220,7
AS Draietta,7036,5
AS Draietta,7060,2
AS Draietta,6052,167
AS Draietta,6556,17
AS Draietta,6215,3
AS Draietta,6204,56
AS Draietta,7547,11
AS Draietta,2155,6
$,$,$